filename,mse,r2
CleanedSynth1_Test_Set.csv,1232.8196323798443,0.24403198895348044
CleanedSynth2_Test_Set.csv,1219.4083993910203,0.2575996749264984
